species,phenotype,BLUP_mean,LASSO_mean,SVR_mean,RF_mean,XGB_mean,MLP_mean,CNN_mean,LCNN_mean,ElasticNet_mean,BayesB_mean,BLUP_std,LASSO_std,SVR_std,RF_std,XGB_std,MLP_std,CNN_std,LCNN_std,ElasticNet_std,BayesB_std,BayesA_mean,BayesA_std,BayesC_mean,BayesC_std
A_thal,DTF1,0.5807322215693277,0.5288403935056297,0.5800630320463934,0.4756598735363841,0.557544903818115,0.5809550426598972,0.5606425740705567,0.5316913580851876,0.5861876027567365,0.5814029631423528,0.1031814432283484,0.1009738921959438,0.1070811518750004,0.1387326486569787,0.1051559686137222,0.1142397940121456,0.1094107966501391,0.0995635364675388,0.1126177951898787,0.1129658985670475,0.5775160969058005,0.115804018862545,0.5738829729095306,0.1177902280765312
A_thal,RL,0.4394699610773905,0.4057381463251657,0.4478017614607907,0.3637244210072594,0.4304687350430963,0.41566502940061,-0.2613615800230525,0.3396037410040349,0.443613615482702,0.4457908132726413,0.0578484769699893,0.0652219091679736,0.0592576399213065,0.072637098792177,0.0754828774320839,0.0461638902708416,0.9548483152190976,0.122044876697312,0.0583996373218847,0.0616426214426332,0.4440546827714899,0.0592230476883657,0.4427735714326454,0.0685702851724015
A_thal,Diameter,-0.1661340588100507,-0.0012621197367703,3.7007434154171876e-17,0.0106279723380795,-0.0488753307499892,-0.0082330894715065,-0.0323121511575349,0.0050948524411195,-0.0134958941215466,-0.02955434373048,0.0194243004144062,0.0027932156311322,5.233641528945917e-17,0.0041201753855733,0.0610033395040908,0.0361770449821284,0.0475612568094301,0.0036371420121989,0.0154521757037855,0.0046548447873716,-0.0735006699133874,0.0113949727280637,-0.0180563177162917,0.0119766459112057
A_thal,FT10,0.544170211910319,0.5231469501782929,0.5507029802349396,0.4430694894954531,0.5288243571751142,0.5409508721465357,0.4718755791922013,0.4691420930510482,0.5393182411014377,0.5492999817610668,0.1215783649247015,0.1563832628679121,0.1263720401709737,0.1304062717285032,0.151626825632063,0.1296264708489942,0.1667153804500125,0.1434646821205085,0.150379866845841,0.1317929091647361,0.5452787340013295,0.1338973457659045,0.5463909249985738,0.1268305260712351
