species,phenotype,BLUP_mean,LASSO_mean,SVR_mean,RF_mean,XGB_mean,MLP_mean,CNN_mean,LCNN_mean
A_thal,DTF1,0.6317909569542527,0.6463122548329887,0.640389936574416,0.5706217210340145,0.6542044068493079,0.6066670497817033,0.5853154922966823,0.5923935367912956
A_thal,RL,0.5317213285416185,0.5093123958714562,0.5357340233434635,0.4387045159612699,0.5049619753140882,0.5216853444692594,0.5080547508661608,0.4537978578378852
A_thal,Diameter,-0.1026748371376746,0.0,0.0,0.0358814101098896,0.035668033196553,-0.0051928778984244,0.0514123165751316,-0.0059420882448744
A_thal,FT10,0.6592334871461771,0.689245443997082,0.6594092747372075,0.5579528887268121,0.6763453251281736,0.6500251560716721,0.6199214017424675,0.5401368746051183
