species,phenotype,BLUP_mean,LASSO_mean,SVR_mean,RF_mean,XGB_mean,MLP_mean,CNN_mean,LCNN_mean,ElasticNet_mean,BayesB_mean,BLUP_std,LASSO_std,SVR_std,RF_std,XGB_std,MLP_std,CNN_std,LCNN_std,ElasticNet_std,BayesB_std,BayesA_mean,BayesA_std,BayesC_mean,BayesC_std
A_thal,DTF1,0.6275677460100894,0.5994225746315424,0.6319612123745819,0.5390965416530903,0.6206028623312951,0.634868464747884,0.5968224395831709,0.586158600083062,0.6383257253995521,0.628784277315134,0.0300188726818196,0.0051862507469048,0.0269895130049021,0.0350932616251102,0.0100407764639557,0.0376170822411493,0.0085110995687868,0.0246231509801498,0.019975681428139,0.028390306596749,0.6280166566027666,0.028020540756166,0.6289768084530348,0.0298533858479402
A_thal,RL,0.5062218152754994,0.4929685905401031,0.5193338893253873,0.4465070192081337,0.527129072002233,0.5143476676274709,0.4584245201142363,0.4405957408829618,0.5307741564930475,0.5179529943093194,0.0091146283228794,0.0163844290752444,0.0035592032050072,0.0125787813702248,0.0082745908373615,0.0118960482320223,0.0090060101401723,0.0074040697662368,0.0099392109560792,0.0080275985467571,0.5201077423975865,0.0072253394238324,0.5158244986301259,0.0053809010097562
A_thal,Diameter,-0.1463465544024245,-0.0002897653004478,-0.0165598182566755,0.0230432214727341,-0.0121040799561875,-0.1750470065545619,-0.0150783567667571,0.0085833415178736,0.0049266347217076,-0.0089333428461473,0.015151566100423,0.013407138854147,0.0234191195690242,0.0046027374419717,0.0184079324240892,0.1442253695201437,0.0324096259813038,0.0180878913033103,0.016019316387676,0.0121297094879391,-0.0303142107315591,0.0135565648253033,-0.0004320542924763,0.0092484096819215
A_thal,FT10,0.6444164153209563,0.6190033082972749,0.6476549360405873,0.5507686277463048,0.6465654184699745,0.6250039190170539,0.5381200361507472,0.5565702883961382,0.657212169013147,0.6489195926960897,0.0133356264064969,0.0256101884509448,0.0170257558574378,0.0349467320380556,0.0316270726236588,0.0119303901836733,0.078127140332738,0.0379848607684813,0.0163225281876296,0.0189761914937075,0.6468292757067804,0.0198055231664622,0.6449159809830246,0.02132091487225
