simulation,seed,heritability,samples,SNPs,explained_var,causal_marker,causal_beta,effect,distribution,shape
31,72,0.95,100,1,[0.3],['28128930_1'],[2.8536027301703286],add,normal,
32,73,0.95,500,1,[0.3],['10908712_2'],[2.2459960992300565],add,normal,
33,74,0.95,1000,1,[0.3],['15854194_3'],[2.9744910013922157],add,normal,
34,75,0.95,2000,1,[0.3],['1544109_4'],[1.911920970899273],add,normal,
35,76,0.95,1000,2,"[0.05, 0.05, 0.2]",['20779807_1' '15931030_1'],"[0.6995714288455315, 0.7291910838657167, 1.8149448232788492]",mult,normal,
36,77,0.95,1000,5,[0.03159087 0.03722131 0.06461324 0.06538531 0.10118927],['13283678_3' '13427278_2' '24879711_5' '1279461_4' '4759699_2'],"[0.4326071076696327, 0.5868786284832572, 1.0357075534767446, 0.9914487493916616, 1.4306427171241576]",add,normal,
37,78,0.95,1000,1,[0.3],['7585346_2'],[2.3598840080086148],add,gamma,4.0
38,79,0.95,1000,1,[0.3],['12892730_3'],[2.6717683330584454],add,gamma,1.0
