simulation,seed,heritability,samples,SNPs,explained_var,causal_marker,causal_beta,effect,distribution,shape
23,64,0.7,100,1,[0.3],['6130793_4'],[2.6551349405376565],add,normal,
24,65,0.7,500,1,[0.3],['12830341_3'],[2.221957886516207],add,normal,
25,66,0.7,1000,1,[0.3],['22601109_3'],[3.0207579182843514],add,normal,
26,67,0.7,2000,1,[0.3],['10868436_2'],[1.7586676141670547],add,normal,
27,68,0.7,1000,2,"[0.05, 0.05, 0.2]",['25913523_1' '12477181_3'],"[0.9243741312965319, 0.8062311908552469, 2.8289749022623822]",mult,normal,
28,69,0.7,1000,5,[0.01878211 0.04855823 0.0678132  0.07245171 0.09239475],['16936800_1' '5721115_4' '4134062_4' '16670304_2' '9087297_3'],"[0.5572859558185846, 0.9338010606215859, 1.1065648685614624, 1.0640899820851062, 1.237572983824481]",add,normal,
29,70,0.7,1000,1,[0.3],['25241738_5'],[2.7679209054696514],add,gamma,4.0
30,71,0.7,1000,1,[0.3],['11099236_1'],[2.202347826636035],add,gamma,1.0
